Year,Period,Agriculture,CropProduction,Livestock,Forestry,Fishing,Industry,MiningAndQuarrying,CrudePetroleumAndNaturalGas,CoalMining,MetalOres,QuarryingAndOtherMinerals,Manufacturing,OilRefining,Cement,FoodBeverageAndTobacco,TextileApparelAndFootwear,WoodAndWoodProducts,PulpPaperAndPaperProducts,ChemicalAndPharmaceuticalProducts,NonMetallicProducts,PlasticAndRubberProducts,ElectricalAndElectronics,BasicMetalIronAndSteel,MotorVehiclesAndAssembly,OtherManufacturing,ElectricityGasSteamAndAirCon,WaterSupplySewageWaste,Construction,Services,Trade,AccommodationAndFoodServices,TransportationAndStorage,RoadTransport,RailTransportAndPipelines,WaterTransport,AirTransport,TransportServices,PostAndCourierServices,InformationAndCommunication,Publishing,MotionPicturesSoundRecordingAndMusicProduction,Broadcasting,ArtsEntertainmentAndRecreation,FinanceAndInsurance,FinancialInstitutions,Insurance,RealEstate,ProfessionalScientificAndTechnicalServices,AdministrativeAndSupportServicesBusinessServices,PublicAdministration,Education,HumanHealthAndSocialServices,OtherServices,GDPatCurrentBasicPrices,NetTaxesOnProducts,GDPatCurrentMarketPrices
1981,Annual,17.05,12.82,2.53,1.16,0.55,54.67,13.12,5.92,5.33,1,0.88,28.23,0.09,1.93,18.37,2.82,0.99,0.19,0.2,0.48,0.27,0.02,0.62,0.17,2.08,0.8,2.28,10.24,66.2,12.49,0.84,5.76,2.61,1.04,0.7,0.69,0.08,0.63,16.29,0.06,0.58,15.11,0.04,7.75,4.8,2.94,5.24,2.59,0.02,9.09,3.4,1.62,1.08,137.93,1.38,139.31
1982,Annual,20.13,14.32,3.96,1.17,0.67,51.88,9.13,4.93,2.57,0.76,0.86,30.31,0.09,2.55,19.54,3,1.05,0.21,0.21,0.51,0.29,0.02,0.67,0.19,1.99,0.86,2.41,9.18,75.56,12.8,0.86,5.92,2.14,1.21,0.88,0.91,0.08,0.7,17.31,0.06,0.61,16.01,0.04,10.06,5.6,4.47,5.57,3.92,0.03,11.54,4.31,2.05,1.14,147.57,1.48,149.05
1983,Annual,23.8,16.35,5.19,1.27,0.99,54.16,8,4.28,2.43,0.62,0.66,33.49,0.06,0.93,22.27,3.42,1.2,0.24,0.24,0.58,0.33,0.02,0.86,0.21,3.15,0.82,3.53,8.33,79.22,16.07,0.89,5.81,2.09,1.04,1,0.9,0.09,0.69,17.12,0.07,0.69,15.99,0.04,8.83,5.92,2.91,6.6,3.73,0.03,12.11,4.53,2.16,1.3,157.18,1.57,158.75
1984,Annual,30.37,21.5,6.62,1.38,0.87,50.33,9.89,5.24,3.5,0.57,0.58,29.42,0.06,0.61,19.55,3,1.05,0.21,0.21,0.51,0.29,0.02,0.68,0.19,3.05,0.8,3.18,7.04,83.51,16.63,1.06,5.85,2.34,1.03,0.82,0.94,0.1,0.6,17.78,0.06,0.78,16.41,0.05,10.78,7.32,3.46,6.21,3.87,0.03,12.74,4.76,2.27,1.47,164.21,1.64,165.85
1985,Annual,34.24,25.07,7.16,1.47,0.54,62.86,14,6.59,6.54,0.45,0.43,39.55,0.11,3.53,24.75,3.8,1.33,0.26,0.27,0.64,0.36,0.03,0.93,0.24,3.3,0.89,2.77,5.66,88.88,17.77,1.02,7.28,3.4,1.24,0.77,1.1,0.1,0.67,17.84,0.08,0.73,16.3,0.05,11.83,8.35,3.48,6.58,4.33,0.03,13.39,5,2.38,1.38,185.98,1.85,187.83
1986,Annual,35.7,25.97,7.39,1.57,0.77,65.05,12.43,5.54,6.54,0.11,0.24,41.63,0.05,4.79,24.98,3.83,1.34,0.26,0.27,0.65,0.37,0.03,1.27,0.24,3.54,0.67,3.23,7.09,95.42,18.36,1.06,7.48,3.56,1.31,0.8,1.02,0.11,0.68,18.81,0.08,0.8,17.17,0.05,14.2,10.32,3.89,7.26,4.86,0.04,14.04,5.25,2.5,1.51,196.17,1.95,198.12
1987,Annual,50.29,39.66,8.37,1.59,0.66,80.47,22.29,15.48,5.89,0.65,0.28,45.96,0.19,4.23,28.66,4.4,1.54,0.3,0.31,0.74,0.42,0.03,1.07,0.27,3.79,0.7,3.49,8.03,111.51,28.66,1.06,7.5,3.85,0.89,0.85,1.11,0.12,0.69,20.22,0.09,0.88,18.41,0.06,16.76,12.1,4.66,7.4,5.37,0.04,14.68,5.49,2.61,1.66,242.26,2.42,244.68
1988,Annual,73.76,61.85,8.89,1.86,1.17,102.94,22.56,17.3,4.25,0.7,0.32,66.34,0.24,5.67,42.56,6.53,2.28,0.45,0.47,1.1,0.63,0.05,1.08,0.41,4.88,0.71,4.22,9.11,135.8,40.14,1.07,7.89,4.16,0.75,0.94,1.17,0.13,0.73,21.74,0.13,0.95,19.75,0.06,21.21,15.66,5.56,7.81,6.12,0.05,18,6.73,3.21,1.78,312.5,3.11,315.62
1989,Annual,88.26,71.88,11.79,2.17,2.41,146.83,49.83,44.33,4.2,0.71,0.59,76.14,0.71,8.95,46.72,7.17,2.51,0.5,0.51,1.21,0.69,0.05,1.36,0.44,5.33,2.02,4.6,14.23,175.68,62.61,1.13,7.96,4.51,0.55,0.84,1.18,0.14,0.74,23.27,0.15,1.03,21.17,0.07,29.7,23.23,6.47,11.07,6.78,0.05,20.05,7.49,3.57,1.93,410.77,4.09,414.86
1990,Annual,106.63,86.93,14.15,2.35,3.21,175.15,63.69,58.06,4.25,0.73,0.66,87.96,0.73,6.76,56.72,8.7,3.04,0.6,0.62,1.47,0.84,0.06,1.78,0.54,6.09,2.2,5.24,16.06,207.98,69.33,1.19,8.94,5.23,0.57,0.85,1.38,0.15,0.75,27.14,0.18,1.15,24.67,0.07,44.22,37.69,6.53,12.72,7.75,0.06,22.17,8.29,3.95,2.16,489.77,4.88,494.64
1991,Annual,123.24,101.65,15.58,2.44,3.58,218.12,76.78,67.5,7.99,0.55,0.74,115.03,0.99,8.15,74.96,11.5,4.02,0.79,0.82,1.94,1.1,0.08,2.49,0.71,7.46,2.42,5.8,18.09,242.9,80.84,1.28,9.85,5.94,0.56,1.01,1.41,0.18,0.76,33.2,0.24,1.32,30.49,0.09,49.3,42.02,7.28,15.6,9.1,0.07,26.47,9.89,4.71,2.48,584.25,5.81,590.06
1992,Annual,184.12,153.38,23.03,2.99,4.72,341.66,149.81,142.98,5.56,0.34,0.93,159.95,2.01,9.96,104.54,16.03,5.61,1.11,1.14,2.71,1.54,0.11,3.34,1,10.85,2.53,6.82,22.55,371.34,120.51,1.63,13.54,9.03,0.4,0.95,1.93,0.22,1.01,38.6,0.33,1.62,35.21,0.1,57.35,48.99,8.37,19.45,11.24,0.09,68.16,25.48,12.14,3.04,897.12,8.91,906.03
1993,Annual,295.32,249.2,36.58,3.97,5.59,417.06,144.69,140.25,2.9,0.33,1.22,231.02,1.94,12.89,152.48,23.39,8.19,1.62,1.67,3.95,2.25,0.17,4.64,1.45,16.39,2.64,9.1,29.6,532.41,195.09,2.63,21.89,15.2,0.55,1.39,2.82,0.36,1.56,47.91,0.48,2.72,42.92,0.18,61.66,52.73,8.93,30.41,13.45,0.1,99.23,37.09,17.67,5.1,1244.8,12.38,1257.17
1994,Annual,445.27,377.31,54.3,5.98,7.68,553.96,132.9,126.92,4.02,0.4,1.57,370.16,1.78,14.71,249.85,38.32,13.41,2.65,2.74,6.47,3.68,0.27,7.01,2.38,26.89,3.05,9.74,38.11,752.05,306.41,4.29,41.1,33.46,0.03,1.32,3.81,0.9,1.59,53.54,0.79,6.73,44.21,0.43,47.53,40.68,6.86,89.47,18.09,0.14,114.96,42.97,20.47,12.64,1751.28,17.51,1768.79
1995,Annual,790.14,670.18,97.2,8.25,14.51,1132.84,448.11,444.02,1.45,0.55,2.1,619.85,6.46,18.76,417.22,63.99,22.4,4.42,4.57,10.81,6.15,0.45,12.95,3.97,47.7,3.17,10.82,50.88,1146.45,529.87,5.86,62.17,52.37,0.02,1.52,4.64,1.91,1.7,65.04,1.32,14.31,47.12,0.92,77.1,66.12,10.97,150.73,21.58,0.17,132.83,49.65,23.65,26.88,3069.43,30.8,3100.24
1996,Annual,1070.51,906.89,130.41,10.37,22.84,1530.05,675.58,670.74,1.78,0.63,2.44,780.48,10.16,20.55,525.94,80.67,28.23,5.57,5.76,13.63,7.75,0.57,16.89,5.01,59.77,3.3,11.46,59.22,1444.76,690.7,7.19,79.7,68,0.03,1.72,5.26,2.83,1.86,77.81,1.67,21.21,52.18,1.37,109.22,88.91,20.31,197.61,28.81,0.22,136.8,51.13,24.36,39.85,4045.32,40.74,4086.07
1997,Annual,1211.46,1026.29,145.03,12.55,27.59,1557.54,624.63,619.22,1.96,0.6,2.85,848.33,9.09,23.29,571.78,87.7,30.69,6.06,6.26,14.81,8.42,0.62,19.13,5.45,65.03,3.29,11.98,69.31,1605.49,758.97,9.26,92.04,78.16,0.03,1.94,6.37,3.52,2.02,91.37,1.81,26.33,60.01,1.7,116.67,100.3,16.37,219.71,32.19,0.25,148.15,55.38,30.36,49.46,4374.5,44.21,4418.71
1998,Annual,1341.04,1133.39,158.31,15.88,33.46,1379.2,433.2,426.8,2.01,0.61,3.78,838.53,6.08,22.65,564.31,86.55,30.29,5.98,6.18,14.62,8.31,0.62,20.53,5.37,67.03,3.16,12.47,91.83,2036.47,859.83,10.51,116.87,101.03,0.04,2.03,6.82,4.74,2.21,110.11,1.79,35.54,69.31,2.29,134.49,115.83,18.66,320.44,38.01,0.29,242.86,90.78,43.25,66.74,4756.71,48.45,4805.16
1999,Annual,1426.97,1204.7,164.37,19.31,38.59,1609.82,600.46,593.44,2.2,0.65,4.18,891.29,9.56,24.06,599.01,91.88,32.15,6.35,6.56,15.52,8.82,0.65,22,5.7,69.01,3.27,13.19,101.62,2389.68,939.5,12.51,138.31,119.14,0.04,2.13,7.69,6.84,2.46,137.31,1.9,51.27,80.4,3.31,148.44,127.8,20.64,433.52,47.71,0.37,278.64,104.15,49.62,96.29,5426.47,55.88,5482.35
2000,Annual,1508.41,1270.63,172.19,24.49,41.1,2388.83,1274.48,1266.67,2.48,0.69,4.64,984.08,18.19,25.61,659.9,101.21,35.42,6.99,7.23,17.1,9.72,0.72,22.58,6.28,73.13,3.38,13.92,112.97,3093.38,1020.39,13.94,154.39,130.5,0.04,2.31,9.2,8.63,3.71,163.54,2.09,64.61,92.75,4.17,165.29,141.95,23.34,537.31,57.47,0.44,551,205.95,98.12,121.35,6990.62,72.13,7062.75
2001,Annual,2015.42,1699.69,228.56,29.98,57.2,2328.41,975.78,966.79,2.24,0.67,6.07,1146.68,57.43,32.13,745.75,114.38,40.03,7.9,8.17,19.32,10.99,0.81,23.64,7.1,79.04,41.07,14.47,150.4,3806.19,1243.26,17.32,173.06,145.79,0.05,2.53,10.53,9.96,4.21,255.2,2.36,81.37,119.46,5.25,205.18,176.32,28.86,604.83,68.56,0.53,696.05,260.17,123.95,152.83,8150.02,84.48,8234.49
2002,Annual,4251.52,3875.46,271.03,36.23,68.81,2650.03,1051.29,1042,1.45,0.69,7.15,1358.53,57.46,35.27,899.04,137.89,48.26,9.53,9.84,23.29,13.24,0.98,27.62,8.56,87.53,47.29,15.79,177.13,4482.11,1494.24,20.88,216.48,180.24,0.05,2.51,14.03,12.31,7.34,320.32,2.85,103.88,141.16,6.71,299.72,257.57,42.16,712.75,81.04,0.62,730.95,273.22,130.09,195.1,11383.66,117.79,11501.45
2003,Annual,4585.93,4161.57,299.22,44.13,81.01,3525.14,1598.74,1588.09,1.45,0.69,8.51,1635.05,72.27,42.13,1090.2,167.21,58.52,11.55,11.94,28.24,16.06,1.19,28.05,10.38,97.3,56.52,17.39,217.44,5306.95,1783.85,24.67,268.65,231.01,0.06,2.55,15.37,12.8,6.87,399.23,3.45,122.76,171.9,7.92,302.28,263.87,38.41,945.48,96.02,0.74,804.12,300.57,142.86,230.56,13418.01,138.96,13556.97
2004,Annual,4935.26,4419.06,360.8,56.39,99,5145.43,2476.23,2460.55,1.68,0.79,13.21,1968.56,93.45,54.47,1316.51,201.92,70.67,13.95,14.41,34.11,19.39,1.44,31.38,12.54,104.3,67.91,19.66,613.07,7857.69,2871.53,76.13,428.43,386.9,0.06,2.75,16.76,14.1,7.85,547.72,4.17,155.79,218.16,10.06,386.92,334.29,52.63,1447.48,396.75,3.05,900.68,336.66,159.67,292.61,17938.38,185.68,18124.06
2005,Annual,6032.33,5372.2,463.42,67.45,129.26,6520.74,3301.43,3281.47,1.55,0.9,17.52,2326.31,120.84,84.55,1536.83,235.72,82.5,16.28,16.83,39.82,22.64,1.68,33.4,14.64,120.59,74.27,22.16,796.56,10331.83,3614.03,99.52,452.56,406.75,0.07,2.97,18.29,15.53,8.96,788.41,4.87,197.1,269.76,12.72,495.62,423.51,72.11,2216,685.25,5.26,1026.84,383.82,181.61,370.19,22884.9,236.98,23121.88
2006,Annual,7513.3,6723.22,560.25,80.2,149.64,7822.11,4075.35,4044.97,1.42,1.34,27.63,2689.08,155.88,117.27,1758.48,269.71,94.39,18.63,19.25,45.56,25.9,1.92,36.73,16.75,128.59,109.05,24.54,924.08,14728.56,5303.85,124.43,519.93,466.92,0.07,3.21,22.41,17.1,10.22,1948.34,5.57,249.35,333.45,16.1,1107.45,965.26,142.19,2490.71,927.45,7.12,1170.7,437.57,206.59,468.33,30063.96,311.22,30375.18
2007,Annual,8551.98,7654.22,642.28,91.5,163.99,8441.76,4398.96,4363.63,1.86,1.62,31.85,2913.26,172.1,148.35,1903.23,291.91,102.16,20.17,20.84,49.31,28.04,2.08,40.98,18.13,115.97,116.63,29.29,983.63,17324.92,5889.95,157.31,558.98,499.17,0.09,3.54,25.44,18.95,11.79,2744.79,6.03,319.53,414.21,20.63,1279.61,1107.32,172.29,2836.99,1155.32,8.87,1349,491.61,231.72,600.14,34318.67,357.28,34675.94
2008,Annual,10100.33,9039.63,758.84,108.1,193.75,9874.38,5310.95,5270.01,2.43,1.87,36.64,3263.82,198.02,170.69,2133.52,327.24,114.53,22.61,23.36,55.27,31.43,2.33,45.98,20.32,118.55,134.19,33.7,1131.72,19567.72,6776.71,185.86,565.86,505.16,0.09,3.59,25.75,19.18,12.1,2856.35,6.76,367.46,424.98,23.72,1471.55,1273.42,198.13,3262.54,1328.62,10.2,1551.35,580.59,264.21,690.16,39542.43,411.78,39954.21
2009,Annual,11625.44,10419.6,863.4,121.25,221.18,9229.81,4343.06,4297.07,2.78,2.09,41.12,3406.69,224.55,194.49,2207.11,338.52,118.48,23.39,24.17,57.18,32.51,2.41,44.59,21.02,118.27,158.66,37.92,1283.47,22157.26,7897.09,213.73,599.5,533.85,0.1,3.78,29.2,20.29,12.28,2979.48,6.99,417.59,447.23,26.96,1668.85,1442.61,226.24,3718.45,1510.66,11.6,1758.45,694.1,294.09,784.32,43012.51,448.95,43461.46
2010,Q1,2594.76,2262.18,237.3,30.42,64.86,3284.29,1952.21,1937.63,1.11,0.81,12.65,875.41,63.52,54.47,565.18,80.3,30.76,5.98,6.25,14.95,8.39,0.62,10.99,5.26,28.73,44.52,10.77,401.38,6704.43,2191.34,63.14,144.85,129.03,0.02,0.83,7.22,3.98,3.77,1448.81,2.16,124.07,150.1,7.61,489.15,428.15,61,888.23,406.16,3.2,497.14,205.69,85.6,273.51,12583.48,206.9,12790.38
2010,Q2,2873.38,2561.46,216.1,34.38,61.43,3314.21,1993.68,1983.89,0.86,0.66,8.26,880.64,63.47,54.9,568.09,81.38,30.95,6.05,6.27,15.08,8.42,0.62,11.03,5.42,28.97,40.13,11.21,388.55,6746.94,2234.2,52.91,176.51,158.93,0.03,1.12,7.77,5.08,3.57,1432.94,1.71,108.98,118.14,6.03,481,412.56,68.44,972.28,425.06,3.42,479.66,212.77,81.77,188.39,12934.53,206.97,13141.5
2010,Q3,4000.03,3660.1,247.97,33.75,58.21,3422.53,2104.92,2092.03,0.4,0.55,11.94,892.15,63.62,55.56,574.13,87.4,29.92,6.18,6.31,13.97,8.48,0.63,11.1,5.79,29.06,44.53,11.75,369.19,6881.88,2230.76,65.72,177.67,157.5,0.02,1.29,8.71,6.29,3.86,1489.95,2.26,125.34,118.85,7.96,453.04,390.91,62.13,1062.7,438.72,3.31,471.73,203.3,79.49,197.53,14304.44,212.15,14516.59
2010,Q4,3580.73,3200.16,278.19,37.17,65.21,3805.4,2403.74,2389.12,0.84,0.33,13.45,930.45,64.55,56.15,591.13,103.46,31.75,6.15,6.34,15.55,8.58,0.64,11.35,5.42,29.39,50.29,9.07,411.85,7403.69,2336.35,64,195.74,173.68,0.04,0.98,8.97,7.3,4.78,1583.36,2.65,120.8,148.01,9.34,485.62,417.12,68.51,1204.78,441.75,3.2,549.93,204.91,84.11,240.59,14789.82,231.06,15020.88
2010,Annual,13048.89,11683.9,979.56,135.72,249.71,13826.43,8454.55,8402.68,3.22,2.35,46.3,3578.64,255.16,221.09,2298.52,352.54,123.38,24.36,25.17,59.55,33.86,2.51,44.47,21.89,116.14,179.47,42.79,1570.97,27736.94,8992.65,245.76,694.77,619.14,0.11,4.23,32.67,22.65,15.98,5955.06,8.78,479.19,535.1,30.93,1908.81,1648.74,260.07,4127.99,1711.7,13.14,1998.47,826.67,330.96,900.02,54612.26,857.09,55469.35
2011,Q1,2768.47,2389.95,270.21,32.3,76.01,4437.66,2899.24,2882.73,1.3,0.9,14.3,1020.31,72.79,55.26,627.03,106.77,32.38,6.9,5.2,23.71,19.25,1.03,23.87,6.59,39.54,69.13,11.13,437.85,7295.33,2517.34,67.47,115.85,93.65,0.02,0.92,12.41,4.96,3.89,1494.64,2.61,125.41,175.31,20,364.73,298.79,65.94,975.75,475.86,3.56,617.92,242.29,99.42,300.49,14501.45,184.67,14686.11
2011,Q2,3000.7,2610.18,278.13,40.39,72.01,4455.24,2842.97,2830.85,1.06,0.82,10.23,1106.83,72.74,60.64,655.79,145.29,33.88,7.32,11.82,24.83,20.12,1.12,25.15,6.98,41.15,64.52,12.67,428.25,7599.02,2542.08,56.84,150.18,123.99,0.04,1.39,13.66,7.02,4.08,1607.98,2.12,143,149.24,22.81,399.92,322.54,77.38,1144.87,525.22,3.59,589.6,231.67,102.05,222.2,15054.96,174.84,15229.8
2011,Q3,4283.26,3925.05,257.18,37.9,63.14,4373.71,2682,2667.52,0.49,0.62,13.37,1177.46,72.74,66.31,677.73,172.25,36.6,8.01,12.19,27.69,21.05,1.27,26.89,7.15,47.58,66.37,12.16,435.73,7506.68,2492.96,75.14,194.97,164.73,0.03,1.59,15.79,8.84,3.99,1483.37,3.58,124.09,136.67,19.79,346.47,279.49,66.99,1167.92,560.08,3.82,582.19,275.53,90.58,213.86,16163.64,205.27,16368.91
2011,Q4,3985.4,3559.68,310.09,42.46,73.18,4586.51,2674.78,2658.31,1.03,0.37,15.06,1222.85,73.48,68.87,706.99,185.36,36.55,8.22,12.24,26.97,21.57,1.36,30.14,7.17,43.94,75.83,9.3,603.74,8688.44,2773.18,83.92,318.36,288.44,0.05,1.14,14.64,9.2,4.89,1793.57,4,123.02,177.83,19.62,382.62,308.97,73.65,1296.43,614.57,3.84,681.53,361.23,95.15,264.42,17260.35,168.19,17428.53
2011,Annual,14037.83,12484.85,1115.6,153.05,284.33,17853.11,11098.98,11039.41,3.88,2.71,52.97,4527.45,291.75,251.08,2667.54,609.68,139.41,30.45,41.45,103.19,82,4.78,106.04,27.88,172.2,275.85,45.26,1905.57,31089.46,10325.57,283.38,779.35,670.8,0.14,5.04,56.49,30.01,16.86,6379.56,12.31,515.52,639.05,82.23,1493.74,1209.78,283.96,4584.96,2175.73,14.81,2471.24,1110.72,387.19,1000.97,62980.4,732.96,63713.36
2012,Q1,3107.51,2688.31,298.22,38.37,82.61,5009.25,3036.49,3018.57,1.45,0.93,15.55,1368.91,62.95,72.2,754.15,236.14,45.01,8.83,11.38,33.06,29.3,1.17,33.58,10.52,70.62,86.35,10.86,506.63,8333.6,2912.96,85.47,151.77,126.78,0.02,0.92,13.45,6.3,4.3,1682.21,3.5,144.78,184.84,28.8,516.2,453.41,62.79,1053.78,582.87,3.56,501.81,275.01,104.02,435.14,16450.36,224.74,16675.1
2012,Q2,3309.86,2901.39,284.66,42.73,81.08,4806.51,2732.27,2717.01,1.33,0.92,13.01,1361.34,63.92,74.99,765.61,227.45,43.88,8.21,17.4,30.63,30.09,1.22,34.03,9.81,54.11,92.96,13.82,606.11,9627.26,3187.84,66.72,268.59,235.43,0.06,1.61,16.44,10.38,4.68,2112.81,3.83,158.44,171.86,31.51,528.94,452.95,75.99,1444.44,669.51,4.09,549.99,262.15,120.72,379.95,17743.63,224.67,17968.3
2012,Q3,4676.9,4259.36,304.19,41.48,71.86,5172.06,3100.99,3083.26,0.58,0.66,16.5,1460.3,63.51,76.49,858.07,229.81,45.33,8.19,17.07,32.48,30.29,1.23,34.23,9.58,54.02,91.28,13.03,506.46,8672.64,2771.81,94.55,231.76,194.59,0.04,1.77,18.39,12.51,4.46,1654.75,3.33,137.76,150.44,27.4,476.18,412.88,63.3,1433.73,690.72,4.22,529.43,311.2,106.04,340.86,18521.6,213.7,18735.3
2012,Q4,4721.73,4222.17,364.85,47.58,87.12,4599.9,2516.77,2496.2,1.24,0.4,18.93,1398.26,64.32,77,781.15,235.04,44.3,8.31,23.84,30.71,30.59,1.23,34.53,9.36,57.88,105.26,10.1,569.52,9676.71,2970.92,106.48,265.19,228.01,0.07,1.27,17.33,12.99,5.52,1816.95,3.57,147.66,195.83,29.37,507.44,437.65,69.8,1613.05,689.23,4.21,628.82,404.36,112.15,528.53,18998.34,222.58,19220.92
2012,Annual,15816,14071.24,1251.93,170.16,322.67,19587.72,11386.52,11315.03,4.6,2.9,63.99,5588.82,254.7,300.68,3158.99,928.44,178.52,33.55,69.69,126.88,120.27,4.85,136.35,39.28,236.63,375.84,47.81,2188.72,36310.22,11843.53,353.22,917.32,784.81,0.19,5.57,65.61,42.18,18.96,7266.72,14.22,588.64,702.97,117.08,2028.76,1756.88,271.88,5545,2632.34,16.07,2210.05,1252.72,442.94,1684.48,71713.94,885.69,72599.63
2013,Q1,3286.11,2815.22,334.45,41.8,94.64,5285.8,2776.83,2756.31,1.73,1.03,17.76,1761.41,102.47,106.17,915.07,331.57,49.91,12.41,22.65,45.08,39.21,1.22,38.83,12.68,84.13,112.71,15.55,619.3,9723.72,3381.13,153.93,173.38,144.5,0.02,0.95,15.53,7.54,4.83,1903.15,4.25,192.09,242.41,35.36,603.73,531.02,72.71,1212.91,633.12,3.83,527.63,330.27,117.5,647.78,18295.63,226.55,18522.19
2013,Q2,3511.13,3049.06,321.47,47.55,93.05,5007.03,2346.27,2327.59,1.64,1.12,15.93,1775.97,102.94,111.07,935,319.38,50.32,12.38,28.49,44.7,40.18,1.28,39.72,12.74,77.79,124.9,21.09,738.8,11412.85,3662.07,150.91,302.3,262.44,0.07,1.84,19.06,13.32,5.57,2559.73,4.64,209.68,238.97,38.6,625.96,535.95,90.01,1793.16,761.57,4.61,600.23,313.32,143.65,456.74,19931.02,218.66,20149.67
2013,Q3,4992.2,4528.68,337.66,45.67,80.19,5352.7,2757,2736.08,0.68,0.75,19.48,1844.65,102.8,115.67,986.02,322.69,51.63,12.84,28.87,46.15,40.98,1.34,40.77,13.03,81.88,117.66,19.14,614.24,10119.49,3215.82,173.3,265.25,220.26,0.04,2.03,21.98,15.89,5.04,1852.89,4.02,181.75,198.68,33.45,564.11,491.99,72.12,1721.35,783.65,4.75,572.51,406.31,125.18,400.92,20464.4,239.43,20703.82
2013,Q4,5027.1,4469.36,405.9,52.93,98.91,5208.31,2500.87,2476.34,1.48,0.45,22.59,1851.28,104.09,117.85,978.41,330.04,52.22,13,29.02,46.48,41.62,1.38,42.84,12.66,81.67,137.4,14.81,703.95,11166.1,3443.81,170.26,310.29,265.93,0.08,1.4,20.34,16.3,6.25,2043.64,4.34,196.02,260.84,36.08,597.37,517.26,80.12,1949.68,775.47,4.7,684.53,500.03,132.4,517.83,21401.52,232.76,21634.28
2013,Annual,16816.55,14862.32,1399.48,187.95,366.79,20853.85,10380.97,10296.33,5.54,3.35,75.76,7233.32,412.3,450.75,3814.5,1303.68,204.09,50.64,109.03,182.41,161.98,5.22,162.15,51.1,325.47,492.68,70.59,2676.28,42422.17,13702.84,648.39,1051.22,893.13,0.22,6.22,76.91,53.05,21.69,8359.41,17.25,779.53,940.89,143.49,2391.17,2076.21,314.95,6677.1,2953.82,17.89,2384.9,1549.93,518.74,2023.27,80092.56,917.4,81009.96
2014,Q1,3479.96,2950.44,375.07,46.25,108.22,5657.62,2636.13,2612.07,2.06,1.16,20.84,2114.53,91.95,144.28,1010.56,465.96,57.52,14.06,32.46,63.66,53.15,1.35,45.91,17.2,116.46,122.53,18.76,765.66,11032.2,3663.74,195.08,238.23,204.77,0.03,1.09,18.21,8.56,5.57,2142.09,5.03,244.65,288.4,43.65,708.22,625.72,82.5,1483.91,735.9,4.3,609.22,387.19,137.75,682.9,20169.78,212.13,20381.9
2014,Q2,3745.27,3223.24,361.15,52.52,108.36,5777.52,2656.63,2633.33,2.07,1.4,19.84,2122.92,100.32,147.12,1037.03,439.3,59.1,14.57,40.31,63.13,54.86,1.39,47.36,16.34,102.1,111.7,26.72,859.55,12212.03,3767.4,160.13,312.48,268.5,0.08,2.07,19.68,15.75,6.41,2844.11,5.58,268.48,280.75,46.6,722.8,618.09,104.71,1794.99,822.81,4.94,656.69,351.21,153.87,574.01,21734.83,222.62,21957.45
2014,Q3,5450.75,4926.15,379.39,49.97,95.24,5464.58,2352.35,2328.26,0.87,0.94,22.28,2242.77,115.33,153.47,1107.51,448.49,60.37,15.44,41.63,66.66,56.81,1.5,49.42,16.9,109.24,117.64,24.82,726.99,12017.82,3981.64,220.21,307.17,257.54,0.05,2.33,22.38,19.15,5.72,2180.07,4.93,235.69,240.86,41.26,663.23,578.91,84.33,1946.07,898.42,5.22,629.18,472.17,155.53,517.64,22933.14,299.68,23232.82
2014,Q4,5342.62,4712.75,457.45,59,113.43,5313.29,2071.64,2042.84,1.92,0.58,26.31,2205.21,78.21,159.74,1086.68,461.98,61.56,15.87,40.21,65.84,57.13,1.52,53.08,16.69,106.7,180.09,19.74,836.62,13549.95,4291.34,244.37,339.55,286.35,0.09,1.65,24.15,20.08,7.22,2422.3,5.43,259.36,324.84,45.48,697.14,603.94,93.21,2250.56,944.42,5.26,749.14,593.84,167.87,798.67,24205.86,358.95,24564.82
2014,Annual,18018.61,15812.57,1573.05,207.74,425.25,22213.01,9716.76,9616.49,6.93,4.08,89.26,8685.43,385.82,604.61,4241.78,1815.73,238.55,59.93,154.62,259.28,221.95,5.76,195.76,67.14,434.5,531.95,90.04,3188.82,48812,15704.13,819.78,1197.44,1017.16,0.25,7.15,84.41,63.55,24.92,9588.58,20.98,1008.18,1134.85,176.99,2791.39,2426.65,364.74,7475.54,3401.55,19.72,2644.23,1804.4,615.03,2573.21,89043.62,1093.37,90136.98
2015,Q1,3738.86,3141.32,420.99,51.58,124.96,4575.75,1418.29,1391.09,2.44,1.3,23.46,2140.89,41.5,180.79,1010.46,457.22,63.47,15.48,42.41,80.48,67.13,1.43,49.49,18.31,112.72,114.09,23.45,879.04,12727.09,4225.95,267.98,265.58,227.45,0.03,1.26,20.6,9.86,6.39,2509.76,6.36,314.13,390.57,55.62,836.36,742.42,93.94,1639.32,852.4,4.91,577.33,444.95,151.25,895.67,21041.7,200.84,21242.54
2015,Q2,4088.64,3511.3,400.92,56.57,119.84,4999.55,1771.88,1746.4,2.44,1.51,21.53,2124.51,35.24,184.27,1010.66,456.77,64.3,16.17,48.42,76.23,65.41,1.43,50.04,17.1,98.48,116.41,30.6,956.15,13770.96,4312.54,156.5,348.99,300.1,0.09,2.32,21.76,17.67,7.04,3175.25,6.76,287.18,376.35,54.3,837.88,718.05,119.83,1986.89,946.76,5.55,639.28,408.55,170.86,727.61,22859.15,221.76,23080.91
2015,Q3,5959.47,5383.13,418.85,52.32,105.17,4832.38,1565.85,1539.68,0.97,1.02,24.18,2350.34,101.95,189.06,1129.38,466.75,65.26,17.14,49.76,81.07,67.66,1.56,52.45,17.81,110.5,121.71,28.66,765.82,13521.79,4565.94,222.36,349.85,294.29,0.06,2.63,24.62,21.94,6.31,2406.99,5.7,256.82,302.61,47.97,772.62,675.69,96.93,2124.67,1035,5.86,599.91,558.7,173.2,658.71,24313.64,314.12,24627.75
2015,Q4,5850,5154.22,507.26,62.35,126.17,4780.89,1343.98,1313.24,2.14,0.62,27.98,2358.03,69.33,195.8,1141.03,490.84,66.23,17.3,49.55,77.82,66.96,1.6,55.33,16.85,109.41,184.47,23.16,871.25,15299.58,4924.47,246.83,396.64,334.45,0.11,1.86,28.76,23.48,7.99,2689.08,6.32,278.57,402.1,52.52,813.64,706.23,107.41,2436.67,1093.13,5.93,735.93,704.15,187.38,1013.22,25930.47,296.06,26226.53
2015,Annual,19636.97,17189.97,1748.03,222.83,476.14,19188.58,6100.01,5990.42,7.98,4.46,97.15,8973.77,248.02,749.93,4291.52,1871.58,259.26,66.09,190.13,315.6,267.16,6.02,207.3,70.06,431.11,536.67,105.87,3472.26,55319.41,18028.9,893.67,1361.07,1156.29,0.28,8.07,95.74,72.95,27.73,10781.08,25.14,1136.69,1471.63,210.42,3260.5,2842.39,418.11,8187.55,3927.3,22.25,2552.45,2116.35,682.7,3295.2,94144.96,1032.78,95177.74
2016,Q1,4267.89,3583.98,464.97,53.49,165.45,3968.69,894.88,887.49,2.61,2.12,2.65,2077.04,33.89,150.19,963.39,467.48,66.38,16.11,46.28,88.69,73.24,1.47,51.09,15.11,103.72,81.61,26.11,889.06,13998.73,4796.79,270.16,345.73,303.51,0.03,1.38,22.19,11.27,7.35,2728.03,7.42,326.91,457.76,66.14,825.59,717.34,108.25,1649.39,939.62,5.42,614.13,515.98,165.05,1076.7,22235.32,200.15,22435.46
2016,Q2,4629.86,4017.08,437.83,59.79,115.16,4233.41,986.63,959.56,2.47,1.65,22.95,2102.86,56.27,154,989.8,465.1,66.66,16.5,50.38,80.88,69.02,1.45,52.1,12.86,87.85,111.45,40.3,992.16,14684.2,4969.3,156.59,370.58,321.49,0.1,2.54,19.47,19.34,7.64,2963.87,7.74,296.73,445.32,60.25,861.34,718.08,143.26,2029.08,1040.12,6.14,691.75,473.77,186.45,874.98,23547.47,189.83,23737.3
2016,Q3,6398.46,5801.03,433.4,54.68,109.36,4866.47,1633.05,1602.72,0.98,1.2,28.16,2281.44,108.54,161.66,1028.34,519.54,67.65,18.35,49.43,87.44,72.76,1.58,54.9,12.68,98.57,126.54,38.1,787.34,15272.72,5267.42,228.42,418.74,358.72,0.06,2.9,25.81,24.39,6.85,2629.8,6.91,273.59,355.69,54.11,932.15,816.82,115.33,2179.12,1233.52,6.89,679.96,646.1,191.16,805.31,26537.65,333.36,26871.01
2016,Q4,6227.3,5480.99,539.58,68.3,138.43,5572.6,1954.99,1917.55,2.44,0.77,34.22,2441.89,77.9,183.75,1120.14,574.89,74.41,19.76,51.63,87.08,76.43,1.7,61.48,12.14,100.58,205.08,32.63,938.01,17369.16,5642.35,269.89,438.47,374.97,0.12,2.1,27.03,27.25,7.01,3157.79,7.75,302.75,461.54,58.88,974.25,847.63,126.62,2482.84,1294.5,7.08,797.99,810.11,202.92,1232.1,29169.06,362.59,29531.65
2016,Annual,21523.51,18883.08,1875.78,236.25,528.39,18641.17,5469.55,5367.32,8.49,5.74,87.99,8903.24,276.59,649.6,4101.67,2027.01,275.1,70.71,197.73,344.09,291.44,6.2,219.57,52.79,390.72,524.68,137.15,3606.56,61324.81,20675.86,925.06,1573.52,1358.68,0.31,8.92,94.5,82.25,28.86,11479.5,29.82,1199.98,1720.3,239.38,3593.33,3099.87,493.45,8340.43,4507.76,25.52,2783.83,2445.95,745.58,3989.09,101489.49,1085.93,102575.42
2017,Q1,4686.22,3969.52,487.87,58.24,170.59,5767.04,2153.73,2141.96,3.11,3.49,5.16,2422.5,38.6,207.46,1100.5,565.54,78.83,20.43,51.56,103.8,80.46,1.18,56.22,14.41,103.51,74.08,38.74,1077.99,15575.09,5256.55,280.47,443.59,396.62,0.04,1.54,25.49,11.88,8.03,2974.67,8.13,366.11,507.14,80.34,939.75,815.97,123.77,1823.65,1078.13,6.2,680.04,587.79,186.24,1237.68,26028.36,200.5,26228.85
2017,Q2,5210.15,4530.13,474.21,66.98,138.82,6284.63,2455.64,2420.35,3,1.9,30.39,2438.59,67.41,202.37,1124.77,545.75,71.98,20.2,57.46,102.82,80.23,1.69,59.32,15.76,88.86,177.27,46.68,1166.45,15535.47,5208.66,166.11,378.61,330.36,0.11,2.69,21.91,20.94,2.6,3042.61,8.7,300.07,497.32,63.43,1013.59,855.19,158.4,2154.26,1089.09,6.43,749,514,195.76,953.94,27030.25,236.14,27266.39
2017,Q3,7198.21,6536.58,465.64,60.62,135.36,6852.06,3214.62,3176.46,0.67,1.47,36.03,2516.86,63.14,207.72,1135.9,590.96,75.47,21.89,57.19,107.45,81.95,1.86,61.16,13.65,98.53,159.29,42.56,918.73,15327.4,5290.49,248.4,421.16,360.77,0.07,3.01,28.17,25.35,3.79,2559.9,7.34,275.22,372.23,55.98,895.97,780.28,115.69,2213.79,1243.45,7.09,690,667.85,196,837.31,29377.67,378.34,29756.01
2017,Q4,6857.98,6059.88,546.72,71.37,180.01,6736.17,2657.98,2617.17,2.65,1.08,37.08,2666.53,42.69,228.81,1207.66,642.55,78.85,23.68,58.91,104.18,84.59,1.9,66.68,16.48,109.53,257.29,35.77,1118.61,17681.21,5818.03,289.22,544.13,477.07,0.12,2.19,30.29,28.25,6.21,3140.38,8.06,307.7,501.42,61.33,986.47,878.65,107.82,2399.84,1316.13,7.31,802.55,821.22,206.8,1287.78,31275.35,372.64,31647.99
2017,Annual,23952.55,21096.11,1974.45,257.21,624.79,25639.9,10481.97,10355.95,9.44,7.93,108.66,10044.48,211.84,846.35,4568.84,2344.8,305.13,86.19,225.13,418.24,327.23,6.63,243.38,60.3,400.43,667.92,163.75,4281.78,64119.18,21573.73,984.2,1787.49,1564.81,0.33,9.43,105.86,86.43,20.63,11717.56,32.23,1249.11,1878.1,261.09,3835.78,3330.09,505.69,8591.54,4726.8,27.03,2921.59,2590.86,784.8,4316.71,113711.63,1187.62,114899.25
2018,Q1,4957.86,4201.16,479.99,60.02,216.69,7877.6,3937.56,3921.29,3.28,5.23,7.76,2638.82,41.55,251.81,1193.62,610.64,82.19,23.77,55.23,110.21,84,1.4,58.82,19.64,105.94,81.15,45.46,1174.61,15603.15,5144.98,291.13,526.69,475.45,0.04,1.58,29.23,12.1,8.3,3027.93,9.36,367.47,512.28,80.67,1069.64,922.83,146.8,1670.92,1057.58,6.2,671.4,597.24,187.57,1271.2,28438.6,244.34,28682.95
2018,Q2,5764.58,5040.54,481.75,70.01,172.29,8661.57,3781.73,3728.99,3.2,2.26,47.29,2914.51,54.3,304.03,1269.94,681.23,81.68,29.58,68.12,141.04,93.64,2.2,65.19,27.61,95.94,222.46,62.18,1680.69,16273.41,5208.24,193.62,524.6,466.02,0.11,2.85,31.45,21.04,3.13,3443.24,9.1,294.81,609.66,65.99,1048.92,880.9,168.02,2176.48,1135.85,6.35,725.47,537.21,206.19,1001.26,30699.57,255.73,30955.3
2018,Q3,8516.63,7761.4,495.61,65.26,194.36,8560.74,3521.38,3452.49,0.78,2.05,66.07,3340.58,55.49,386.99,1394.54,799.45,90.94,35.61,77.18,168.8,103.4,2.7,75.62,29.32,120.57,239.67,56.45,1402.66,16290.68,5490.4,300.29,553.96,479.05,0.07,3.14,42.03,26.62,3.05,2903.03,7.76,275.89,389.86,57.97,876.55,756.43,120.12,2294.97,1302.5,7.44,702.38,709.27,206.83,885.09,33368.05,412.98,33781.03
2018,Q4,8132.22,7204.7,591.26,77.49,258.76,8118.42,2407.99,2321.11,2.53,1.37,82.99,3561.62,59.33,402.92,1474.26,874.36,95.55,39.63,79.4,170.16,108.8,2.71,82.68,37.45,134.37,328.27,47.43,1773.11,18979.96,6074.83,359.34,723.11,638.42,0.13,2.28,46.65,29.24,6.39,3605.67,8.51,312.01,515.85,64.44,1001.65,888.84,112.81,2490.45,1366.57,7.62,826.84,890.81,221.1,1347.54,35230.61,437.03,35667.63
2018,Annual,27371.3,24207.8,2048.6,272.79,842.11,33218.33,13648.66,13423.87,9.78,10.9,204.1,12455.53,210.66,1345.75,5332.36,2965.69,350.36,128.59,279.93,590.22,389.83,9.01,282.31,114.02,456.82,871.55,211.52,6031.06,67147.2,21918.44,1144.37,2328.37,2058.94,0.34,9.86,149.35,89.01,20.87,12979.87,34.73,1250.18,2027.65,269.08,3996.76,3449,547.75,8632.82,4862.49,27.59,2926.09,2734.53,821.69,4505.11,127736.83,1350.08,129086.91
2019,Q1,6077.2,5174.39,514.93,65.98,321.9,8916.94,3176.73,3148.35,5.16,4.79,18.43,3600.6,21.92,469.99,1469.65,858.94,100.01,41.24,77.16,190.18,112,2.09,75.45,54.39,127.57,114.71,63.48,1961.42,16830.21,5392.76,379.31,792.09,728.47,0.04,1.63,40.88,12.6,8.46,3374.48,9.55,375.33,529.41,87.28,1027.28,870.77,156.51,1842.55,1118.24,6.53,598.65,654.82,203.89,1352.33,31824.35,261.77,32086.12
2019,Q2,6788.6,5947.45,500.68,77.86,262.6,9946.14,3145.66,3059.67,4.12,2.6,79.27,4015.81,42.65,481.08,1512.87,893.76,106.25,48.42,134.5,220.42,196.79,4.42,133.6,32.69,208.36,288.65,95.96,2400.06,18267.14,5365.91,232.68,658.67,592.3,0.11,2.89,36.43,22.57,4.37,4839.2,10.58,328.3,717.67,75.89,1059.16,877.84,181.32,2221.91,1187.34,6.69,723.87,596.8,238.5,1060.53,35001.88,299.08,35300.95
2019,Q3,9783.54,8963.2,497.42,66.57,256.35,10830.87,3732.09,3624.33,1.12,2.23,104.41,4666.59,38.76,652.1,1674.42,1053.41,118.77,58.78,148.53,266.76,206.67,5.17,145.85,43.76,253.6,270.42,74.63,2087.14,17192.51,5552.62,358.63,767.79,676.24,0.08,3.24,57.56,27.61,3.06,3227.86,8.1,280.58,396.31,60.04,909.14,780.99,128.15,2380.18,1301.7,7.86,725.17,762.89,220.95,917.68,37806.92,415.41,38222.34
2019,Q4,9254.79,8211.88,595.91,75.46,371.54,10185.75,2714.94,2568.07,2.51,1.52,142.83,4498.07,45.45,638.25,1725.66,1115.76,108.39,57.78,100.25,249.87,132.72,3.61,97.78,68.13,154.42,364,60.47,2548.27,20136.8,6197.98,428.07,834.03,730.52,0.13,2.37,63.75,30.74,6.51,3961.25,8.9,316.63,530.54,68.01,1235.35,1115.86,119.49,2552.96,1410.19,7.91,849.06,954.81,232.86,1404.32,39577.34,452.38,40029.72
2019,Annual,31904.14,28296.93,2108.95,285.88,1212.39,39879.69,12769.42,12400.43,12.91,11.14,344.95,16781.06,148.79,2241.42,6382.61,3921.87,433.42,206.21,460.44,927.24,648.17,15.3,452.67,198.97,743.95,1037.77,294.53,8996.9,72426.66,22509.26,1398.7,3052.57,2727.53,0.36,10.12,198.62,93.53,22.41,15402.79,37.12,1300.83,2173.93,291.21,4230.92,3645.46,585.47,8997.6,5017.46,29,2896.76,2969.32,896.19,4734.86,144210.49,1428.65,145639.14
2020,Q1,7442.68,6410.65,509.55,64.11,458.37,10509.18,2841.04,2827.16,3.31,5.21,5.35,4625.85,10.67,756.7,1733.82,1096.26,114.78,62.06,97.08,272.21,134.48,2.72,89.8,111.6,143.67,134.8,78.03,2829.46,17695.55,5378,429.65,953.99,879.85,0.04,1.66,51.35,12.59,8.5,3676.01,9.68,379.05,542.55,89.2,1273.43,1108.1,165.33,1863.24,1143.13,6.58,560.76,700.85,218.23,1402.48,35647.41,322.5,35969.9
2020,Q2,8139.52,7198.35,503.34,75.5,362.34,9402.78,2641.66,2520,4.89,2.6,114.17,4010.35,14.22,593.12,1620.83,888.36,94.83,47.35,109.25,225.9,120.11,2.81,81.29,104.11,108.18,313.59,114.01,2323.18,16480.9,4563.93,162.51,384.47,338.32,0.04,2.09,21.27,19.55,3.19,4783.34,7.98,278.22,693.53,61.39,1279.7,1149.42,130.28,1840.11,1024.07,6.66,752.98,464.99,238.34,918.42,34023.2,313.7,34336.9
2020,Q3,11105.99,10192.22,509.95,69.16,334.67,11472.1,2988.6,2782.38,1.09,2.19,202.94,5298.68,12.58,1039.65,1897.04,1028.01,115,64.39,164.5,297.47,193.43,4.15,139.53,119.78,223.13,270.4,86.41,2828.01,16511.37,5007.44,324.08,498.61,423.86,0.04,2.73,41.83,27.01,3.14,3741.43,7.73,286.99,411.83,57.62,962.91,855.95,106.96,2188.25,1198.11,7.97,770.8,642.71,240.62,870.83,39089.46,625.26,39714.72
2020,Q4,10553.42,9376.33,598.54,76.02,502.54,12146.73,2380.48,2066.09,2.19,1.56,310.64,5604.68,20.39,1053.78,1988.75,1294.33,118.97,81.4,124.43,326.54,157.72,4.18,110.51,154.17,169.52,426.85,75.9,3658.82,20863.86,6157.02,424.7,802.7,726.85,0.12,2.12,36.61,30.3,6.71,4607.86,8.78,326.73,557.64,67.42,1221.78,1116.7,105.08,2786.54,1368.53,7.69,887.04,898.88,254.15,1379.55,43564.01,666.79,44230.8
2020,Annual,37241.61,33177.54,2121.37,284.79,1657.91,43530.78,10851.77,10195.63,11.48,11.56,633.1,19539.55,57.86,3443.25,7240.43,4306.95,443.58,255.2,495.26,1122.12,605.75,13.86,421.13,489.66,644.49,1145.64,354.35,11639.48,71551.68,21106.38,1340.93,2639.77,2368.88,0.24,8.6,151.05,89.46,21.54,16808.64,34.18,1270.99,2205.54,275.63,4737.83,4230.17,507.66,8678.13,4733.83,28.9,2971.59,2707.44,951.34,4571.27,152324.07,1928.25,154252.32
2021,Q1,8569.33,7218.3,613.72,73.33,663.99,13305.52,2837.38,2822.47,3.78,7.61,3.52,6110.65,5.02,1289.28,2068.89,1322.16,127.05,91.34,126.2,406.28,162.12,3.42,103.92,234.06,170.91,176.18,110.27,4071.04,18139.64,5385.01,478.59,865.75,788.04,0.04,1.58,53.84,12.7,9.55,3965,9.67,390,559.52,88.78,1300.8,1138.9,161.9,2013.07,1128.11,6.7,570.39,698.77,241.88,1396.78,40014.48,493.2,40507.69
